{"report":{"modules":[{"name":"Animation","dependencies":[{"name":"AnimationClip","scenes":[],"dependencyType":0,"icon":null},{"name":"Animator","scenes":[],"dependencyType":0,"icon":null},{"name":"AnimatorController","scenes":[],"dependencyType":1,"icon":null},{"name":"AnimatorOverrideController","scenes":[],"dependencyType":0,"icon":null},{"name":"Avatar","scenes":[],"dependencyType":0,"icon":null},{"name":"Motion","scenes":[],"dependencyType":0,"icon":null},{"name":"RuntimeAnimatorController","scenes":[],"dependencyType":1,"icon":null}]},{"name":"AssetBundle","dependencies":[{"name":"AssetBundle","scenes":[],"dependencyType":0,"icon":null}]},{"name":"Audio","dependencies":[{"name":"AudioBehaviour","scenes":["Assets/SoftSugar/0_Scenes/DigitalHumanMain.unity","Assets/SoftSugar/0_Scenes/DigitalHumanPlayer.unity","Assets/0_Custom/CustomScene.unity"],"dependencyType":0,"icon":null},{"name":"AudioClip","scenes":[],"dependencyType":0,"icon":null},{"name":"AudioListener","scenes":["Assets/SoftSugar/0_Scenes/DigitalHumanMain.unity","Assets/SoftSugar/0_Scenes/DigitalHumanPlayer.unity","Assets/0_Custom/CustomScene.unity"],"dependencyType":0,"icon":null},{"name":"AudioManager","scenes":[],"dependencyType":1,"icon":null},{"name":"AudioMixer","scenes":[],"dependencyType":0,"icon":null},{"name":"AudioMixerGroup","scenes":[],"dependencyType":0,"icon":null},{"name":"AudioSource","scenes":[],"dependencyType":0,"icon":null},{"name":"SampleClip","scenes":[],"dependencyType":1,"icon":null}]},{"name":"Core","dependencies":[{"name":"Behaviour","scenes":["Assets/SoftSugar/0_Scenes/DigitalHumanMain.unity","Assets/SoftSugar/0_Scenes/DigitalHumanPlayer.unity","Assets/0_Custom/CustomScene.unity"],"dependencyType":0,"icon":null},{"name":"BuildSettings","scenes":[],"dependencyType":1,"icon":null},{"name":"Camera","scenes":["Assets/SoftSugar/0_Scenes/DigitalHumanMain.unity","Assets/SoftSugar/0_Scenes/DigitalHumanPlayer.unity","Assets/0_Custom/CustomScene.unity"],"dependencyType":0,"icon":null},{"name":"Component","scenes":[],"dependencyType":1,"icon":null},{"name":"ComputeShader","scenes":[],"dependencyType":0,"icon":null},{"name":"Cubemap","scenes":["Assets/SoftSugar/0_Scenes/DigitalHumanPlayer.unity","Assets/0_Custom/CustomScene.unity"],"dependencyType":0,"icon":null},{"name":"CubemapArray","scenes":[],"dependencyType":0,"icon":null},{"name":"DelayedCallManager","scenes":[],"dependencyType":1,"icon":null},{"name":"EditorExtension","scenes":[],"dependencyType":1,"icon":null},{"name":"GameManager","scenes":[],"dependencyType":1,"icon":null},{"name":"GameObject","scenes":["Assets/SoftSugar/0_Scenes/DigitalHumanMain.unity","Assets/SoftSugar/0_Scenes/DigitalHumanPlayer.unity","Assets/0_Custom/CustomScene.unity"],"dependencyType":0,"icon":null},{"name":"GlobalGameManager","scenes":[],"dependencyType":1,"icon":null},{"name":"GraphicsSettings","scenes":[],"dependencyType":0,"icon":null},{"name":"InputManager","scenes":[],"dependencyType":1,"icon":null},{"name":"LevelGameManager","scenes":[],"dependencyType":1,"icon":null},{"name":"Light","scenes":["Assets/SoftSugar/0_Scenes/DigitalHumanPlayer.unity","Assets/0_Custom/CustomScene.unity"],"dependencyType":0,"icon":null},{"name":"LightmapSettings","scenes":["Assets/SoftSugar/0_Scenes/DigitalHumanMain.unity","Assets/SoftSugar/0_Scenes/DigitalHumanPlayer.unity","Assets/0_Custom/CustomScene.unity"],"dependencyType":0,"icon":null},{"name":"LightProbes","scenes":["Assets/SoftSugar/0_Scenes/DigitalHumanMain.unity","Assets/0_Custom/CustomScene.unity"],"dependencyType":0,"icon":null},{"name":"LowerResBlitTexture","scenes":[],"dependencyType":0,"icon":null},{"name":"Material","scenes":["Assets/SoftSugar/0_Scenes/DigitalHumanMain.unity","Assets/SoftSugar/0_Scenes/DigitalHumanPlayer.unity","Assets/0_Custom/CustomScene.unity"],"dependencyType":0,"icon":null},{"name":"Mesh","scenes":[],"dependencyType":0,"icon":null},{"name":"MeshFilter","scenes":[],"dependencyType":0,"icon":null},{"name":"MeshRenderer","scenes":[],"dependencyType":0,"icon":null},{"name":"MonoBehaviour","scenes":["Assets/SoftSugar/0_Scenes/DigitalHumanMain.unity","Assets/SoftSugar/0_Scenes/DigitalHumanPlayer.unity","Assets/0_Custom/CustomScene.unity"],"dependencyType":0,"icon":null},{"name":"MonoManager","scenes":[],"dependencyType":1,"icon":null},{"name":"MonoScript","scenes":["Assets/SoftSugar/0_Scenes/DigitalHumanMain.unity","Assets/SoftSugar/0_Scenes/DigitalHumanPlayer.unity","Assets/0_Custom/CustomScene.unity"],"dependencyType":1,"icon":null},{"name":"NamedObject","scenes":[],"dependencyType":1,"icon":null},{"name":"Object","scenes":["Assets/SoftSugar/0_Scenes/DigitalHumanMain.unity","Assets/SoftSugar/0_Scenes/DigitalHumanPlayer.unity","Assets/0_Custom/CustomScene.unity"],"dependencyType":0,"icon":null},{"name":"PlayerSettings","scenes":[],"dependencyType":1,"icon":null},{"name":"PreloadData","scenes":[],"dependencyType":0,"icon":null},{"name":"QualitySettings","scenes":[],"dependencyType":0,"icon":null},{"name":"RectTransform","scenes":["Assets/SoftSugar/0_Scenes/DigitalHumanMain.unity","Assets/0_Custom/CustomScene.unity"],"dependencyType":0,"icon":null},{"name":"ReflectionProbe","scenes":["Assets/SoftSugar/0_Scenes/DigitalHumanPlayer.unity"],"dependencyType":0,"icon":null},{"name":"Renderer","scenes":[],"dependencyType":1,"icon":null},{"name":"RenderSettings","scenes":["Assets/SoftSugar/0_Scenes/DigitalHumanMain.unity","Assets/SoftSugar/0_Scenes/DigitalHumanPlayer.unity","Assets/0_Custom/CustomScene.unity"],"dependencyType":0,"icon":null},{"name":"RenderTexture","scenes":[],"dependencyType":0,"icon":null},{"name":"ResourceManager","scenes":[],"dependencyType":1,"icon":null},{"name":"RuntimeInitializeOnLoadManager","scenes":[],"dependencyType":1,"icon":null},{"name":"ScriptMapper","scenes":[],"dependencyType":1,"icon":null},{"name":"Shader","scenes":["Assets/SoftSugar/0_Scenes/DigitalHumanMain.unity","Assets/SoftSugar/0_Scenes/DigitalHumanPlayer.unity","Assets/0_Custom/CustomScene.unity"],"dependencyType":0,"icon":null},{"name":"SkinnedMeshRenderer","scenes":[],"dependencyType":0,"icon":null},{"name":"Skybox","scenes":[],"dependencyType":0,"icon":null},{"name":"Sprite","scenes":["Assets/SoftSugar/0_Scenes/DigitalHumanMain.unity","Assets/0_Custom/CustomScene.unity"],"dependencyType":0,"icon":null},{"name":"SpriteAtlas","scenes":[],"dependencyType":0,"icon":null},{"name":"TagManager","scenes":[],"dependencyType":1,"icon":null},{"name":"TextAsset","scenes":["Assets/SoftSugar/0_Scenes/DigitalHumanMain.unity","Assets/SoftSugar/0_Scenes/DigitalHumanPlayer.unity","Assets/0_Custom/CustomScene.unity"],"dependencyType":0,"icon":null},{"name":"Texture","scenes":[],"dependencyType":1,"icon":null},{"name":"Texture2D","scenes":["Assets/SoftSugar/0_Scenes/DigitalHumanMain.unity","Assets/SoftSugar/0_Scenes/DigitalHumanPlayer.unity","Assets/0_Custom/CustomScene.unity"],"dependencyType":0,"icon":null},{"name":"Texture2DArray","scenes":[],"dependencyType":0,"icon":null},{"name":"Texture3D","scenes":[],"dependencyType":0,"icon":null},{"name":"TimeManager","scenes":[],"dependencyType":1,"icon":null},{"name":"Transform","scenes":[],"dependencyType":1,"icon":null},{"name":"Required by Animation Module","scenes":[],"dependencyType":2,"icon":"package/com.unity.modules.animation"},{"name":"Required by AssetBundle Module","scenes":[],"dependencyType":2,"icon":"package/com.unity.modules.assetbundle"},{"name":"Required by Audio Module","scenes":[],"dependencyType":2,"icon":"package/com.unity.modules.audio"},{"name":"Required by GameCenter Module","scenes":[],"dependencyType":2,"icon":"package/com.unity.modules.gamecenter"},{"name":"Required by HotReload Module","scenes":[],"dependencyType":2,"icon":"package/com.unity.modules.hotreload"},{"name":"Required by ImageConversion Module","scenes":[],"dependencyType":2,"icon":"package/com.unity.modules.imageconversion"},{"name":"Required by IMGUI Module","scenes":[],"dependencyType":2,"icon":"package/com.unity.modules.imgui"},{"name":"Required by InputLegacy Module","scenes":[],"dependencyType":2,"icon":"package/com.unity.modules.inputlegacy"},{"name":"Required by JSONSerialize Module","scenes":[],"dependencyType":2,"icon":"package/com.unity.modules.jsonserialize"},{"name":"Required by ParticleSystem Module","scenes":[],"dependencyType":2,"icon":"package/com.unity.modules.particlesystem"},{"name":"Required by Physics Module","scenes":[],"dependencyType":2,"icon":"package/com.unity.modules.physics"},{"name":"Required by TextRendering Module","scenes":[],"dependencyType":2,"icon":"package/com.unity.modules.textrendering"},{"name":"Required by TLS Module","scenes":[],"dependencyType":2,"icon":"package/com.unity.modules.tls"},{"name":"Required by UI Module","scenes":[],"dependencyType":2,"icon":"package/com.unity.modules.ui"},{"name":"Required by UnityWebRequest Module","scenes":[],"dependencyType":2,"icon":"package/com.unity.modules.unitywebrequest"}]},{"name":"GameCenter","dependencies":[]},{"name":"HotReload","dependencies":[{"name":"Required by AssetBundle Module","scenes":[],"dependencyType":2,"icon":"package/com.unity.modules.assetbundle"}]},{"name":"ImageConversion","dependencies":[{"name":"Required by GameCenter Module","scenes":[],"dependencyType":2,"icon":"package/com.unity.modules.gamecenter"}]},{"name":"IMGUI","dependencies":[]},{"name":"InputLegacy","dependencies":[{"name":"Required by IMGUI Module","scenes":[],"dependencyType":2,"icon":"package/com.unity.modules.imgui"}]},{"name":"JSONSerialize","dependencies":[]},{"name":"ParticleSystem","dependencies":[{"name":"ParticleSystem","scenes":[],"dependencyType":0,"icon":null},{"name":"ParticleSystemRenderer","scenes":[],"dependencyType":0,"icon":null}]},{"name":"Physics","dependencies":[{"name":"Collider","scenes":[],"dependencyType":0,"icon":null},{"name":"PhysicsManager","scenes":[],"dependencyType":1,"icon":null}]},{"name":"SharedInternals","dependencies":[{"name":"Required by Animation Module","scenes":[],"dependencyType":2,"icon":"package/com.unity.modules.animation"},{"name":"Required by AssetBundle Module","scenes":[],"dependencyType":2,"icon":"package/com.unity.modules.assetbundle"},{"name":"Required by Audio Module","scenes":[],"dependencyType":2,"icon":"package/com.unity.modules.audio"},{"name":"Required by Core Module","scenes":[],"dependencyType":2,"icon":"package/com.unity.modules.core"},{"name":"Required by GameCenter Module","scenes":[],"dependencyType":2,"icon":"package/com.unity.modules.gamecenter"},{"name":"Required by HotReload Module","scenes":[],"dependencyType":2,"icon":"package/com.unity.modules.hotreload"},{"name":"Required by ImageConversion Module","scenes":[],"dependencyType":2,"icon":"package/com.unity.modules.imageconversion"},{"name":"Required by IMGUI Module","scenes":[],"dependencyType":2,"icon":"package/com.unity.modules.imgui"},{"name":"Required by InputLegacy Module","scenes":[],"dependencyType":2,"icon":"package/com.unity.modules.inputlegacy"},{"name":"Required by JSONSerialize Module","scenes":[],"dependencyType":2,"icon":"package/com.unity.modules.jsonserialize"},{"name":"Required by ParticleSystem Module","scenes":[],"dependencyType":2,"icon":"package/com.unity.modules.particlesystem"},{"name":"Required by Physics Module","scenes":[],"dependencyType":2,"icon":"package/com.unity.modules.physics"},{"name":"Required by TextRendering Module","scenes":[],"dependencyType":2,"icon":"package/com.unity.modules.textrendering"},{"name":"Required by TLS Module","scenes":[],"dependencyType":2,"icon":"package/com.unity.modules.tls"},{"name":"Required by UI Module","scenes":[],"dependencyType":2,"icon":"package/com.unity.modules.ui"},{"name":"Required by UnityWebRequest Module","scenes":[],"dependencyType":2,"icon":"package/com.unity.modules.unitywebrequest"}]},{"name":"TextRendering","dependencies":[{"name":"Font","scenes":["Assets/SoftSugar/0_Scenes/DigitalHumanMain.unity","Assets/0_Custom/CustomScene.unity"],"dependencyType":0,"icon":null},{"name":"Required by IMGUI Module","scenes":[],"dependencyType":2,"icon":"package/com.unity.modules.imgui"},{"name":"Required by UI Module","scenes":[],"dependencyType":2,"icon":"package/com.unity.modules.ui"}]},{"name":"TLS","dependencies":[{"name":"Required by UnityWebRequest Module","scenes":[],"dependencyType":2,"icon":"package/com.unity.modules.unitywebrequest"}]},{"name":"UI","dependencies":[{"name":"Canvas","scenes":["Assets/SoftSugar/0_Scenes/DigitalHumanMain.unity","Assets/0_Custom/CustomScene.unity"],"dependencyType":0,"icon":null},{"name":"CanvasGroup","scenes":[],"dependencyType":0,"icon":null},{"name":"CanvasRenderer","scenes":["Assets/SoftSugar/0_Scenes/DigitalHumanMain.unity","Assets/0_Custom/CustomScene.unity"],"dependencyType":0,"icon":null}]},{"name":"UnityWebRequest","dependencies":[]}]}}