{
    "last_modify_date":"2023-05-16 17:41:55",
    "id":26377,
    "name":"拟真女-小伊",
    "style":10,
    "assets":[
        {
            "style":10,
            "type":1,
            "id":709,
            "materialName":"477947053-Female_Base",
            "unityIosUrl":"/709-拟真女-base/unityIos.zip",
            "thumbnailUrl":"/709-拟真女-base/拟真女_20220811120710572.png"
        },
        {
            "style":10,
            "type":100,
            "id":22005,
            "materialName":"长发发型",
            "unityIosUrl":"/22005-拟真女-长发/unityIos.zip",
            "thumbnailUrl":"/22005-拟真女-长发/Changfa_20230206174028205.png"
        },
        {
            "style":10,
            "type":100,
            "id":22007,
            "materialName":"马尾发型 ",
            "unityIosUrl":"/22007-拟真女-马尾/unityIos.zip",
            "thumbnailUrl":"/22007-拟真女-马尾/Mawei_20230206174247900.png"
        },
        {
            "style":10,
            "type":107,
            "id":24870,
            "materialName":"鞋子03",
            "unityIosUrl":"/24870-拟真女-shoes03/unityIos.zip",
            "thumbnailUrl":"/24870-拟真女-shoes03/Shoes03_20230322201746692.png"
        },
        {
            "style":10,
            "type":107,
            "id":714,
            "materialName":"鞋子01",
            "unityIosUrl":"/714-拟真女-shoes01/unityIos.zip",
            "thumbnailUrl":"/714-拟真女-shoes01/Shose01_Dark_20230314094708276.png"
        },
        {
            "style":10,
            "type":104,
            "id":710,
            "materialName":"休闲套装",
            "unityIosUrl":"/710-拟真女-休闲套装/unityIos.zip",
            "thumbnailUrl":"/710-拟真女-休闲套装/Suit_Xiuxian_20230206172342869.png"
        },
        {
            "style":10,
            "type":104,
            "id":713,
            "materialName":"正装套装",
            "unityIosUrl":"/713-拟真女-正装套装/unityIos.zip",
            "thumbnailUrl":"/713-拟真女-正装套装/Suit_Zhengzhuang_20230206172400847.png"
        }
    ],
    "expression_assets":[

    ],
    "action_assets":[
        {
            "id":768,
            "materialName":"说话",
            "unityIosUrl":"/768-Speak/unityIos.zip",
            "thumbnailUrl":"/768-Speak/Speak_20220830163753930.png"
        },
        {
            "id":769,
            "materialName":"闲散",
            "unityIosUrl":"/769-Idle/unityIos.zip",
            "thumbnailUrl":"/769-Idle/Idle_20220830163834477.png"
        },
        {
            "id":808,
            "materialName":"打招呼",
            "unityIosUrl":"/808-Hello/unityIos.zip",
            "thumbnailUrl":"/808-Hello/Hello_20220830163725351.png"
        },
        {
            "id":809,
            "materialName":"讲解01",
            "unityIosUrl":"/809-Jiangjie01/unityIos.zip",
            "thumbnailUrl":"/809-Jiangjie01/Jiangjie01_20220830163644539.png"
        },
        {
            "id":810,
            "materialName":"讲解02",
            "unityIosUrl":"/810-Jiangjie02/unityIos.zip",
            "thumbnailUrl":"/810-Jiangjie02/Jiangjie02_20220830163713184.png"
        }
    ]
}
